{"our_succ": [0.6616, 0.78, 0.6695714285714285, 0.69925], "our_reward": [3115.1600436660824, 4357.127963691053, 4381.54634607925, 5183.265420087118], "wocloud_succ": [0.638, 0.5726666666666667, 0.5682857142857143, 0.43875], "wocloud_reward": [2933.622423890843, 3143.657662185803, 3700.8966934144214, 3146.7068637671205], "near_succ": [0.771, 0.6821666666666667, 0.6737142857142857, 0.500125], "near_reward": [3374.0352658785296, 3659.6281251843466, 4219.135217812715, 3650.844650407806], "gree_succ": [0.8562000000000001, 0.708, 0.5102857142857142, 0.33799999999999997], "gree_reward": [3913.475878337478, 4004.304084474251, 3514.667682704857, 2671.0102094212434], "gree2_succ": [0.506, 0.19533333333333333, 0.125, 0.11624999999999999], "gree2_reward": [2563.442010684733, 1381.1700342831914, 1035.3597552025954, 825.852788051436], "cloud_near_succ": [0.6504, 0.6278333333333334, 0.6368571428571428, 0.627375], "cloud_near_reward": [3945.5254912652435, 5139.164918997904, 5780.716330196516, 5372.458786528374], "cloud_gree_succ": [0.6294, 0.632, 0.6407142857142858, 0.625625], "cloud_gree_reward": [4684.596910159984, 5609.810691753349, 6651.358128568951, 5881.072818080925], "cloud_gree2_succ": [0.6404, 0.629, 0.6364285714285713, 0.6485000000000001], "cloud_gree2_reward": [4765.6713572686895, 5617.914182736522, 6610.452915919124, 6386.5048951742265]}